,0
0,Session1568824808509
1,Session1568828429761
2,Session1568839686333
3,Session1568860301794
4,Session1568915091597
5,Session1568932967890
6,Session1568941311089
7,Session1568955222042
8,Session1568955769323
9,Session1568955828977
10,Session1568969324288
11,Session1568990835700
12,Session1568993967775
13,Session1568993991377
14,Session1569022517683
15,Session1569022551600
16,Session1569025925101
17,Session1569026102825
18,Session1569026122762
19,Session1569052469995
20,Session1569084608032
21,Session1569084978405
22,Session1569107996149
23,Session1569114052661
24,Session1569114076416
25,Session1569120704111
26,Session1569122953207
27,Session1569126149409
28,Session1569129029317
29,Session1569156608430
30,Session1569156628544
31,Session1569156671978
32,Session1569172350532
33,Session1569182563392
34,Session1569222378080
35,Session1569223629487
36,Session1569223706934
37,Session1569273435447
38,Session1569283432790
39,Session1569296333752
40,Session1569305179746
41,Session1569305470945
42,Session1569309263990
43,Session1569342603046
44,Session1569343687275
45,Session1569343722747
46,Session1569345233615
47,Session1569345256364
48,Session1569348263772
49,Session1569373570606
50,Session1569387057511
51,Session1569398120483
52,Session1569430044686
53,Session1569430097360
54,Session1569430514671
55,Session1569430559763
56,Session1569437043207
57,Session1569437388829
58,Session1569442730612
59,Session1569447143440
60,Session1569454033207
61,Session1569454239294
62,Session1569485918641
63,Session1569522098286
64,Session1569522402664
65,Session1569522463882
66,Session1569546341658
67,Session1569551053616
68,Session1569551253222
69,Session1569566550375
70,Session1569572321565
71,Session1569598195510
72,Session1569625989985
73,Session1569627405024
74,Session1569635157714
75,Session1569635607779
76,Session1569644507353
77,Session1569683745759
78,Session1569683862163
79,Session1569689093216
80,Session1569708911010
81,Session1569709886409
82,Session1569714219382
83,Session1569724387596
84,Session1569725533279
85,Session1569725819438
86,Session1569726196292
87,Session1569736693571
88,Session1569736718768
89,Session1569742771332
90,Session1569748868793
91,Session1569777104725
92,Session1569782672867
93,Session1569808437861
94,Session1569808457858
95,Session1569808647824
96,Session1569808667829
97,Session1569809504940
98,Session1569813672607
99,Session1569826012153
100,Session1569827690281
101,Session1569834591963
102,Session1569872379992
103,Session1570468389564
104,Session1570468526620
105,Session1570471123746
106,Session1570471324729
107,Session1570472647040
108,Session1570479704811
109,Session1570481939604
110,Session1570482097613
111,Session1570484734853
112,Session1570501873248
113,Session1570504125617
114,Session1570505143293
115,Session1570558429137
116,Session1570558640856
117,Session1570559052365
118,Session1570582522287
119,Session1570583396557
120,Session1570584695313
121,Session1570598171435
122,Session1570723695899
123,Session1570729266049
124,Session1570729375801
125,Session1570739426112
126,Session1570756342565
127,Session1570757464762
128,Session1570766328670
129,Session1570817401141
130,Session1570826210639
131,Session1570843127547
132,Session1570846587892
133,Session1570875824700
134,Session1570924382813
135,Session1570925029056
136,Session1570937044332
137,Session1570955823964
138,Session1570955918618
139,Session1573245325215
140,Session1573260204182
141,Session1577835628870
142,Session1577836688511
143,Session1577838030211
144,Session1577838857285
145,Session1578080562225
146,Session1578082076597
147,Session1578082212742
148,Session1578091973255
149,Session1578092031061
150,Session1578092124847
151,Session1580491368180
152,Session1580491499368
153,Session1580502799927
154,Session1580510490545
155,Session1580510513315
156,Session1580521957436
157,Session1580523654998
158,Session1580524791079
159,Session1581440793469
160,Session1581442377786
161,Session1581455032228
162,Session1581462633438
163,Session1581475417327
164,Session1581499931286
165,Session1581538182302
166,Session1581553740488
167,Session1581561958595
168,Session1581568035827
169,Session1581573007577
170,Session1583862208352
171,Session1583879176889
172,Session1583879889426
173,Session1583944039038
174,Session1583954058053
175,Session1583958874960
176,Session1584577105600
177,Session1584643211301
178,Session1584650870135
179,Session1584652787672
180,Session1584653436263
181,Session1587660544286
182,Session1587660768207
183,Session1587668859256
184,Session1587670347736
185,Session1588356642957
186,Session1588369724034
187,Session1588386215606
188,Session1588386681230
189,Session1588387008404
190,Session1588868202342
191,Session1588868687563
192,Session1588869374586
193,Session1588892728788
194,Session1588895053210
195,Session1593101256084
196,Session1593101462678
197,Session1593101599657
198,Session1593106219402
199,Session1593106604622
200,Session1593133997790
201,Session1593135303812
202,Session1593135987338
203,Session1593150010979
204,Session1593150289908
205,Session1593212542204
206,Session1593212925952
207,Session1593216969860
208,Session1593252405935
209,Session1594330195820
210,Session1594330510181
211,Session1594331120855
212,Session1596136469607
213,Session1596137340687
214,Session1596138117318
215,Session1596138334462
216,Session1596139053940
217,Session1596139785400
218,Session1602517356145
219,Session1602518288921
220,Session1602519207810
221,Session1602519575459
222,Session1602525839946
223,Session1602526466114
224,Session1602527244075
225,Session1604510634564
226,Session1604523364831
227,Session1604532079740
228,Session1604532204281
229,Session1605028938565
230,Session1605029548852
231,Session1605029570730
232,Session1605031498709
233,Session1605037159200
234,Session1605049496885
235,Session1605063519813
236,Session1605720181562
237,Session1605735066578
238,Session1605735086022
239,Session1605736296050
240,Session1605810498358
241,Session1605810702642
242,Session1605812499448
243,Session1605812523336
244,Session1606843747217
245,Session1606844228276
246,Session1606859798587
247,Session1606859818175
248,Session1606869504473
249,Session1606873078602
250,Session1606930602191
251,Session1606931091844
252,Session1606934724557
253,Session1606959537028
254,Session1606960671646
255,Session1607450200324
256,Session1607450668086
257,Session1607510509876
258,Session1607540010313
259,Session1607561175868
260,Session1607561533565
261,Session1607573403375
262,Session1607586831128
263,Session1607602189733
264,Session1607614451654
265,Session1607662370247
266,Session1607673513428
267,Session1607705274839
268,Session1607705294492
269,Session1607712304121
270,Session1607715616201
271,Session1607721662351
272,Session1608055246730
273,Session1608055749016
274,Session1608076251351
275,Session1608086701580
276,Session1608143138843
277,Session1608200325185
278,Session1608228424782
279,Session1608286204620
280,Session1608580790540
281,Session1610126229920
282,Session1610127628664
283,Session1610128552897
284,Session1610140772026
285,Session1610144080536
286,Session1610148006727
287,Session1610384709299
288,Session1610386737013
289,Session1610388299883
290,Session1610392600271
291,Session1610400062055
292,Session1610405006131
293,Session1613063939897
294,Session1613064911756
295,Session1613065218757
296,Session1613065238529
297,Session1613066343721
298,Session1613067277965
299,Session1613071047801
300,Session1613079497137
301,Session1613085092509
302,Session1613155272150
303,Session1613162668711
304,Session1613172201347
305,Session1619456278265
306,Session1619456853596
307,Session1619457422171
308,Session1619459136916
309,Session1619459533909
310,Session1619459736558
311,Session1619464634362
312,Session1619465012375
313,Session1619465219481
314,Session1619466485371
315,Session1619466853349
316,Session1619467071296
317,Session1619539600190
318,Session1619539996590
319,Session1619540382341
320,Session1619541718341
321,Session1619542099360
322,Session1619542305553
323,Session1619551996092
324,Session1619552346740
325,Session1619552569105
326,Session1619554033532
327,Session1619554519242
328,Session1619554782362
329,Session1629921269892
330,Session1629921539805
331,Session1629922358968
332,Session1629962133141
333,Session1630048190109
334,Session1630077792414
335,Session1630078297228
336,Session1630135910171
337,Session1630220745632
338,Session1630307332681
339,Session1630638477772
340,Session1630639213888
341,Session1630639822359
342,Session1630724600933
343,Session1630725332977
344,Session1630726508336
345,Session1630810966579
346,Session1630811718295
347,Session1630812230657
348,Session1631070306609
349,Session1631071099347
350,Session1631071752480
351,Session1631156440818
352,Session1631157386634
353,Session1631158031706
354,Session1631329389995
355,Session1631330092787
356,Session1631330817449
357,Session1631776684379
358,Session1631805712112
359,Session1631805731749
360,Session1631863208931
361,Session1632035725187
362,Session1632035746886
363,Session1632064955412
364,Session1632065131394
365,Session1632122664307
366,Session1632150922002
367,Session1632150941425
368,Session1633549846431
369,Session1633550789145
370,Session1633551647718
371,Session1633551933795
372,Session1633552268409
373,Session1633552653688
374,Session1633552818423
375,Session1634072645451
376,Session1634602358228
377,Session1634604716020
378,Session1634605039198
379,Session1634605286208
380,Session1634606319619
381,Session1635185358217
382,Session1635186957951
383,Session1635194191610
384,Session1637208216956
385,Session1637208946569
386,Session1637209568545
387,Session1637381076283
388,Session1637381640371
389,Session1637382464861
390,Session1637467355130
391,Session1637468039493
392,Session1637469235823
393,Session1637640426068
394,Session1637640952424
395,Session1637641639522
396,Session1637726709034
397,Session1637727415414
398,Session1637728110944
399,Session1637812925170
400,Session1637813632781
401,Session1637814189376
402,Session1642183108294
403,Session1643306262773
404,Session1643308539517
405,Session1643314564053
406,Session1643920540117
407,Session1644514317078
408,Session1644529508197
409,Session1644531691407
410,Session1644532869082
411,Session1645117707832
412,Session1645128656526
413,Session1645138305128
414,Session1645224897570
415,Session1645225800821
416,Session1645743407716
417,Session1645745188923
418,Session1645746716919
419,Session1645814527440
420,Session1645814613003
421,Session1645818641234
422,Session1645819082919
423,Session1645986177084
424,Session1645986291664
425,Session1646070343138
426,Session1646157879970
427,Session1646158029725
428,Session1646159609305
429,Session1646246805639
430,Session1646417115683
431,Session1646676249049
432,Session1646849218899
433,Session1647021693170
434,Session1647277693443
435,Session1647363697217
436,Session1647450156234
437,Session1647536481984
438,Session1647623337679
439,Session1647882216168
440,Session1648139021738
441,Session1648142982548
442,Session1648144027263
443,Session1648148161014
444,Session1649350724835
445,Session1649352235409
446,Session1649353201809
447,Session1649354117840
448,Session1649363627943
449,Session1650559212595
450,Session1650562107781
451,Session1650568272233
452,Session1650586321466
453,Session1651708743056
454,Session1651708890105
455,Session1651792726456
456,Session1651793943819
457,Session1651794199206
458,Session1652341029313
459,Session1652367573157
460,Session1652367905935
461,Session1652430820405
462,Session1652457784155
463,Session1652457803525
464,Session1652458498172
465,Session1653031210511
466,Session1653060016811
467,Session1653060036578
468,Session1653060444809
469,Session1653381205290
470,Session1653407356566
471,Session1653468294168
472,Session1653494262564
473,Session1653494700854
474,Session1653586091125
475,Session1653586102850
476,Session1654594040636
477,Session1654759661373
478,Session1654791220617
479,Session1656015128906
480,Session1656015853839
481,Session1656091945305
482,Session1656576916423
483,Session1656576996310
484,Session1656604086213
485,Session1656610338420
486,Session1657085016922
487,Session1657085139161
488,Session1657085221944
489,Session1657085620426
490,Session1657085821037
491,Session1657213727526
492,Session1657225954654
493,Session1657257911837
